FIRE_NUMBER,LATITUDE,LONGITUDE,CURRENT_SIZE,GENERAL_CAUSE,WEATHER_CONDITIONS_OVER_FIRE,TEMPERATURE,RELATIVE_HUMIDITY,WIND_SPEED,FIRE_SPREAD_RATE,FUEL_TYPE,FIRE_POSITION_ON_SLOPE,SIZE_CLASS,FIRE_START_DATE,FIRST_EX_DATE,weather_enc,fuel_danger,slope_enc,size_class_enc,is_lightning,duration_days
RWF001,52.381417,-115.746167,0.99,Forest Industry,Cloudy,12.0,37.0,20.0,1.0,S1,Upper 1/3,B,2024-01-30 13:01,2024-02-06 10:01,1.0,1.0,3.0,2,0,6.0
EWF002,53.347352,-117.81784,0.01,Forest Industry,Cloudy,-2.0,60.0,0.0,0.0,C3,Flat,A,2024-02-06 8:00,2024-02-12 10:30,1.0,3.0,0.0,1,0,6.0
RWF014,52.072967,-116.404883,0.01,Incendiary,Clear,13.0,49.0,10.0,0.0,,Flat,A,2024-05-14 20:40,2024-05-14 21:54,0.0,2.0,0.0,1,0,0.0
RWF020,52.887583,-116.46075,0.01,Recreation,Cloudy,16.0,35.0,20.0,0.0,M2,Flat,A,,2024-06-02 18:45,1.0,3.0,0.0,1,0,0.0
EWF044,53.463807,-117.443383,0.1,Railroad,Cloudy,16.0,26.0,15.0,0.0,O1a,Flat,A,2024-06-07 11:45,2024-06-07 13:35,1.0,1.0,0.0,1,0,0.0
RWF039,52.909533,-115.798133,0.01,Forest Industry,Clear,26.0,25.0,10.0,1.0,S1,Flat,A,2024-07-06 12:00,2024-07-08 12:07,0.0,1.0,0.0,1,0,2.0
RWF002,52.495383,-115.510883,0.2,Oil & Gas Industry,Clear,10.0,31.0,7.0,0.0,S1,Bottom,B,2024-03-11 12:13,2024-03-15 11:00,0.0,1.0,0.0,2,0,3.0
EWF005,53.322533,-117.661333,0.01,Recreation,Cloudy,-21.0,59.0,8.0,1.0,C2,Flat,A,2024-02-18 8:00,2024-03-03 12:09,1.0,3.0,0.0,1,0,14.0
EWF031,53.4326,-117.571917,0.01,Power Line Industry,Clear,13.0,28.0,13.0,0.0,C2,Flat,A,2024-05-09 8:50,2024-05-09 10:13,0.0,3.0,0.0,1,0,0.0
RWF055,52.713017,-115.999983,0.1,Lightning,Cloudy,20.0,80.0,5.0,1.0,C2,Flat,A,2024-07-18 19:15,2024-07-19 12:35,1.0,3.0,0.0,1,1,0.0
RWF057,52.719833,-116.119983,1.0,Lightning,CB Wet,27.0,57.0,15.0,0.5,C2,Upper 1/3,B,2024-07-19 15:15,2024-07-21 11:22,2.0,3.0,3.0,2,1,1.0
EWF076,53.183133,-117.735033,1.0,Lightning,CB Wet,21.4,52.0,8.0,1.0,C2,Upper 1/3,B,2024-07-19 15:48,2024-08-24 13:00,2.0,3.0,3.0,2,1,35.0
EWF075,53.260017,-116.598883,0.4,Lightning,CB Dry,32.0,38.0,20.0,1.0,C2,Upper 1/3,B,2024-07-15 20:11,2024-07-27 15:35,3.0,3.0,3.0,2,1,11.0
EWF077,53.260633,-116.6002,0.01,Lightning,CB Dry,31.0,40.0,13.0,0.5,C2,Middle 1/3,A,2024-07-15 20:11,2024-07-27 16:45,3.0,3.0,2.0,1,1,11.0
EWF048,53.035617,-116.663383,0.01,Lightning,Clear,10.0,75.0,0.0,0.0,C2,Middle 1/3,A,2024-06-14 19:20,2024-06-14 22:50,0.0,3.0,2.0,1,1,0.0
RWF038,52.201133,-115.819783,0.5,Lightning,Cloudy,12.0,85.0,5.0,1.0,,Middle 1/3,B,2024-06-26 19:30,2024-06-27 16:00,1.0,2.0,2.0,2,1,0.0
RWF018,52.95084,-115.595015,0.01,Recreation,,21.4,38.0,8.0,0.0,,,A,2024-05-26 10:00,2024-05-26 13:43,1.0,2.0,0.0,1,0,0.0
RWF008,52.846833,-115.502,0.1,Incendiary,Cloudy,16.0,35.0,5.0,1.0,O1a,Flat,A,2024-04-24 16:10,2024-04-24 18:22,1.0,1.0,0.0,1,0,0.0
RWF056,53.044233,-115.603783,0.01,Forest Industry,Clear,32.0,20.0,16.0,0.0,O1b,Flat,A,2024-07-19 14:30,2024-07-19 15:40,0.0,1.0,0.0,1,0,0.0
EWF078,53.1103,-116.546217,0.56,Lightning,CB Dry,32.0,38.0,20.0,4.0,C2,Upper 1/3,B,2024-07-15 20:37,2024-07-28 13:24,3.0,3.0,3.0,2,1,12.0
EWF067,53.315283,-117.184533,0.02,Lightning,Cloudy,19.0,86.0,0.0,0.0,C2,Flat,A,2024-07-15 19:18,2024-07-15 20:37,1.0,3.0,0.0,1,1,0.0
EWF068,53.030217,-116.894133,0.01,Lightning,,21.4,38.0,8.0,0.1,,,A,2024-07-15 17:32,2024-07-15 22:35,1.0,2.0,0.0,1,1,0.0
RWF036,52.613143,-116.318609,0.01,Recreation,Cloudy,18.0,25.0,5.0,0.0,,,A,2024-06-23 18:00,2024-06-24 10:55,1.0,2.0,0.0,1,0,0.0
EWF070,53.470083,-117.794967,0.01,Undetermined,Clear,27.0,28.0,0.0,0.0,C2,Bottom,A,2024-07-16 22:00,2024-07-17 13:45,0.0,3.0,0.0,1,0,0.0
RWF031,52.375133,-115.542367,0.01,Lightning,Clear,45.0,48.0,10.0,0.0,M2,Lower 1/3,A,2024-06-21 19:50,2024-06-22 11:55,0.0,3.0,1.0,1,1,0.0
RWF049,53.128867,-115.8717,0.05,Lightning,CB Wet,15.0,27.0,10.0,0.0,,Flat,A,2024-07-15 11:21,2024-07-16 16:32,2.0,2.0,0.0,1,1,1.0
EWF081,53.260783,-116.6007,9.2,Lightning,CB Dry,28.0,42.0,15.0,4.0,C2,Middle 1/3,C,2024-07-15 20:37,2024-07-27 18:01,3.0,3.0,2.0,3,1,11.0
EWF012,53.375702,-116.853423,0.05,Incendiary,Clear,8.0,40.0,10.0,0.0,O1a,Bottom,A,2024-04-10 8:00,2024-04-10 12:24,0.0,1.0,0.0,1,0,0.0
RWF027,52.864333,-115.803783,0.01,Government,Cloudy,24.0,24.0,5.0,0.0,S1,Flat,A,2024-06-20 5:00,2024-06-21 14:55,1.0,1.0,0.0,1,0,1.0
EWF046,53.308486,-117.782172,0.01,Undetermined,,21.4,38.0,8.0,0.0,,,A,,2024-06-09 20:30,1.0,2.0,0.0,1,0,0.0
RWF040,53.052383,-116.064717,0.01,Forest Industry,Clear,30.0,25.0,2.0,0.0,S1,Flat,A,2024-07-08 17:00,2024-07-08 18:33,0.0,1.0,0.0,1,0,0.0
EWF056,53.382714,-117.652597,0.01,Recreation,,21.4,38.0,8.0,0.0,,,A,,2024-06-22 12:35,1.0,2.0,0.0,1,0,0.0
RWF046,52.3703,-116.29425,0.01,Resident,Clear,22.0,25.0,5.0,1.0,M2,Lower 1/3,A,2024-07-10 21:55,2024-07-11 14:45,0.0,3.0,1.0,1,0,0.0
EWF091,53.358969,-117.567803,0.01,Power Line Industry,Cloudy,15.0,45.0,15.0,0.0,O1b,Flat,A,2024-07-23 16:35,2024-07-26 17:55,1.0,1.0,0.0,1,0,3.0
RWF025,52.726917,-115.621467,0.01,Power Line Industry,Cloudy,16.0,44.0,5.0,0.0,C2,Flat,A,2024-06-11 20:30,2024-06-12 12:30,1.0,3.0,0.0,1,0,0.0
RWF053,52.963115,-115.704513,0.02,Lightning,Clear,24.0,45.0,0.0,1.0,C4,Flat,A,2024-07-15 15:00,2024-07-17 11:10,0.0,4.0,0.0,1,1,1.0
RWF065,52.766167,-115.75582,0.04,Lightning,CB Wet,16.0,84.0,0.0,0.0,S1,Flat,A,2024-07-24 12:00,2024-07-26 13:40,2.0,1.0,0.0,1,1,2.0
EWF069,53.073083,-116.338417,1.0,Lightning,Cloudy,28.0,38.0,12.0,2.0,S2,Flat,B,2024-07-15 21:02,2024-07-27 11:51,1.0,1.0,0.0,2,1,11.0
EWF082,52.838783,-116.7433,0.01,Resident,Clear,31.0,32.0,5.0,0.0,,Flat,A,2024-07-20 23:00,2024-07-26 11:30,0.0,2.0,0.0,1,0,5.0
RWF059,52.501667,-116.2305,0.01,Lightning,CB Wet,21.0,81.0,0.0,0.0,C2,Middle 1/3,A,2024-07-22 17:45,2024-07-22 19:15,2.0,3.0,2.0,1,1,0.0
EWF001,53.142867,-117.4023,5.05,Forest Industry,Clear,7.9,35.0,45.0,0.1,S1,Middle 1/3,C,2024-01-30 6:00,2024-02-13 11:35,0.0,1.0,2.0,3,0,14.0
RWF060,52.52335,-116.240817,0.01,Lightning,CB Wet,24.0,75.0,0.0,0.0,C3,Flat,A,2024-07-22 17:00,2024-08-08 16:00,2.0,3.0,0.0,1,1,16.0
RWF058,52.85755,-116.034067,0.1,Forest Industry,Clear,34.0,15.0,15.0,0.0,S1,Flat,A,2024-07-19 20:00,2024-07-26 13:25,0.0,1.0,0.0,1,0,6.0
RWF064,52.193833,-116.105,6966.0,Lightning,Clear,26.0,15.0,7.0,5.0,C2,Middle 1/3,E,2024-07-22 12:00,2024-10-21 15:30,0.0,3.0,2.0,5,1,91.0
RWF023,52.6522,-115.751167,0.01,Lightning,Cloudy,25.0,50.0,4.0,0.0,C3,Middle 1/3,A,2024-06-11 16:30,2024-06-11 18:42,1.0,3.0,2.0,1,1,0.0
EWF071,53.250748,-116.630935,0.01,Lightning,Clear,30.0,27.0,3.0,0.0,C2,Flat,A,2024-07-15 19:58,2024-07-17 16:19,0.0,3.0,0.0,1,1,1.0
EWF085,53.256733,-115.696117,0.3,Lightning,,21.4,38.0,8.0,1.0,C2,,B,2024-07-18 17:50,2024-07-27 11:05,1.0,3.0,0.0,2,1,8.0
RWF054,52.598583,-115.821217,0.01,Lightning,Clear,27.0,25.0,5.0,1.0,S2,Flat,A,2024-07-16 13:00,2024-07-17 21:02,0.0,1.0,0.0,1,1,1.0
EWF057,53.410617,-116.123917,0.01,Lightning,Cloudy,20.0,45.0,9.0,0.0,C2,Flat,A,2024-06-04 22:51,2024-06-23 19:08,1.0,3.0,0.0,1,1,18.0
EWF058,53.400917,-115.72495,0.01,Lightning,CB Dry,25.7,44.0,0.0,0.0,C2,Flat,A,2024-06-23 15:52,2024-06-23 18:19,3.0,3.0,0.0,1,1,0.0
RWF042,52.498283,-115.923083,0.9,Oil & Gas Industry,Clear,35.0,15.0,15.0,3.0,C2,Flat,B,2024-07-10 13:55,2024-07-12 14:38,0.0,3.0,0.0,2,0,2.0
EWF104,53.308455,-117.781989,0.01,Recreation,Clear,27.0,26.0,13.0,0.0,,Flat,A,,2024-09-08 14:00,0.0,2.0,0.0,1,0,0.0
RWF063,52.449667,-116.819667,2070.0,Lightning,Clear,28.0,10.0,22.0,10.0,C2,Middle 1/3,E,2024-07-22 12:00,2024-10-21 15:30,0.0,3.0,2.0,5,1,91.0
RWF075,52.721,-115.776367,0.01,Lightning,CB Wet,21.0,53.0,5.0,0.1,C2,Flat,A,2024-08-12 16:00,2024-08-12 17:55,2.0,3.0,0.0,1,1,0.0
EWF109,53.38895,-117.556283,0.01,Recreation,Clear,8.0,61.0,13.0,0.0,,Flat,A,2024-10-04 23:00,2024-10-05 11:10,0.0,2.0,0.0,1,0,0.0
EWF101,52.861461,-117.016682,0.01,Recreation,,21.4,38.0,8.0,0.0,,,A,,2024-09-02 14:15,1.0,2.0,0.0,1,0,0.0
EWF102,52.876013,-116.908012,0.01,Recreation,,21.4,38.0,8.0,0.0,,,A,,2024-09-02 15:05,1.0,2.0,0.0,1,0,0.0
EWF103,52.876013,-116.908012,0.01,Recreation,,21.4,38.0,8.0,0.0,,,A,,2024-09-02 14:50,1.0,2.0,0.0,1,0,0.0
RWF067,52.8208,-116.751867,0.5,Lightning,Cloudy,27.0,36.0,10.0,1.0,C2,Upper 1/3,B,2024-07-25 12:00,2024-08-10 12:25,1.0,3.0,3.0,2,1,16.0
RWF068,52.49,-116.265,1.21,Lightning,Clear,25.6,23.0,5.0,1.0,C2,Flat,B,2024-07-31 15:00,2024-08-03 15:05,0.0,3.0,0.0,2,1,3.0
RWF074,52.3157,-116.330033,0.01,Recreation,Cloudy,15.0,62.0,5.0,0.0,O1b,Flat,A,2024-08-05 16:17,2024-08-05 17:45,1.0,1.0,0.0,1,0,0.0
RWF082,52.459967,-116.269833,0.01,Lightning,Cloudy,8.0,66.0,60.0,0.0,S2,Upper 1/3,A,2024-09-21 17:14,2024-09-21 19:05,1.0,1.0,3.0,1,1,0.0
RWF085,52.984672,-115.550099,0.1,Recreation,Clear,3.0,55.0,0.0,0.0,M1,Flat,A,2024-11-16 12:00,2024-11-18 12:00,0.0,2.0,0.0,1,0,2.0
RWF083,52.284383,-115.836917,0.31,Lightning,Clear,9.0,42.0,5.0,1.0,C3,Lower 1/3,B,2024-10-25 12:00,2024-10-28 12:00,0.0,3.0,1.0,2,1,3.0
RWF066,52.754533,-116.329833,1.0,Lightning,Clear,20.0,30.0,20.0,1.0,S2,Flat,B,2024-07-26 14:00,2024-07-29 11:57,0.0,1.0,0.0,2,1,2.0
RWF062,52.477,-116.521333,4051.0,Lightning,Clear,28.0,9.0,20.0,10.0,C2,Upper 1/3,E,2024-07-22 12:00,2024-10-21 15:30,0.0,3.0,3.0,5,1,91.0
RWF061,52.52075,-116.2399,0.01,Lightning,CB Wet,24.0,75.0,0.0,0.0,C3,Flat,A,2024-07-22 17:00,2024-08-08 16:00,2.0,3.0,0.0,1,1,16.0
